"book_id","file_name","timestamp"
"1","9756977974890496.html","1695823844828"
"2","9756978004250624.html","1695823844834"
"3","9756978021027840.html","1695823844838"
"4","9756978033610752.html","1695823844841"
"5","9756978041999360.html","1695823844842"
"6","9756978050387968.html","1695823844844"
"7","9756978054582272.html","1695823844846"
"8","9756978062970880.html","1695823844848"
"9","9756978071359488.html","1695823844850"
"10","9756978079748096.html","1695823844851"
"11","9756978088136704.html","1695823844853"
"12","9756978092331008.html","1695823844854"
"13","9756978100719616.html","1695823844856"
"14","9756978104913920.html","1695823844857"
"15","9756978113302528.html","1695823844859"
"16","9756978117496832.html","1695823844861"
"17","9756978125885440.html","1695823844862"
"18","9756978130079744.html","1695823844863"
"19","9756978138468352.html","1695823844865"
"20","9756978142662656.html","1695823844866"
